Workbook

Sheet Portal
A1: nsu | B1: data_venda | C1: valor | D1: autorizacao | E1: bandeira | F1: PROCX por NSU | G1: PROCX por autorizacao
A2: 123456 | B2: 2025-03-27 | C2: 150.75 | D2: ABC123 | E2: VISA | F2: =_xlfn.XLOOKUP(A2, ERP!A:A, ERP!A:A, "não encontrado no ERP") | G2: =_xlfn.XLOOKUP(D2, ERP!D:D, ERP!D:D, "não encontrado no ERP")
A3: 123457 | B3: 2025-03-27 | C3: 189.5 | D3: DEF456 | E3: MASTERCARD | F3: =_xlfn.XLOOKUP(A3, ERP!A:A, ERP!A:A, "não encontrado no ERP") | G3: =_xlfn.XLOOKUP(D3, ERP!D:D, ERP!D:D, "não encontrado no ERP")
A4: 123460 | B4: 2025-03-26 | C4: 75 | D4: JKL012 | E4: VISA | F4: =_xlfn.XLOOKUP(A4, ERP!A:A, ERP!A:A, "não encontrado no ERP") | G4: =_xlfn.XLOOKUP(D4, ERP!D:D, ERP!D:D, "não encontrado no ERP")
A5: 123461 | B5: 2025-03-27 | C5: 60 | D5: PQR678 | E5: VISA | F5: =_xlfn.XLOOKUP(A5, ERP!A:A, ERP!A:A, "não encontrado no ERP") | G5: =_xlfn.XLOOKUP(D5, ERP!D:D, ERP!D:D, "não encontrado no ERP")
A6: 123462 | B6: 2025-03-27 | C6: 310 | D6: STU901 | E6: VISA | F6: =_xlfn.XLOOKUP(A6, ERP!A:A, ERP!A:A, "não encontrado no ERP") | G6: =_xlfn.XLOOKUP(D6, ERP!D:D, ERP!D:D, "não encontrado no ERP")
A7: 123463 | B7: 2025-03-27 | C7: 180 | D7: MNO345 | E7: MASTERCARD | F7: =_xlfn.XLOOKUP(A7, ERP!A:A, ERP!A:A, "não encontrado no ERP") | G7: =_xlfn.XLOOKUP(D7, ERP!D:D, ERP!D:D, "não encontrado no ERP")
A8: 123458 | B8: 2025-03-27 | C8: 99.9 | E8: VISA | F8: =_xlfn.XLOOKUP(A8, ERP!A:A, ERP!A:A, "não encontrado no ERP") | G8: N/A
A9: 123459 | B9: 2025-03-27 | C9: 220 | D9: GHI789 | E9: ELO | F9: =_xlfn.XLOOKUP(A9, ERP!A:A, ERP!A:A, "não encontrado no ERP") | G9: =_xlfn.XLOOKUP(D9, ERP!D:D, ERP!D:D, "não encontrado no ERP")
A10: 123464 | B10: 2025-03-27 | C10: 95 | D10: QWE234 | E10: VISA | F10: =_xlfn.XLOOKUP(A10, ERP!A:A, ERP!A:A, "não encontrado no ERP") | G10: =_xlfn.XLOOKUP(D10, ERP!D:D, ERP!D:D, "não encontrado no ERP")
A11: 123465 | B11: 2025-03-27 | C11: 410 | D11: RTY567 | E11: ELO | F11: =_xlfn.XLOOKUP(A11, ERP!A:A, ERP!A:A, "não encontrado no ERP") | G11: =_xlfn.XLOOKUP(D11, ERP!D:D, ERP!D:D, "não encontrado no ERP")

Sheet ERP
A1: nsu | B1: data_venda | C1: valor | D1: autorizacao | E1: bandeira | F1: PROCX por NSU | G1: PROCX por autorizacao
A2: 123456 | B2: 2025-03-28 | C2: 150.75 | D2: ABC123 | E2: VISA | F2: =_xlfn.XLOOKUP(A2, Portal!A:A, Portal!A:A, "não encontrado no PORTAL") | G2: =_xlfn.XLOOKUP(D2, Portal!D:D, Portal!D:D, "não encontrado no PORTAL")
A3: 123457 | B3: 2025-03-28 | C3: 182 | D3: DEF456 | E3: MASTERCARD | F3: =_xlfn.XLOOKUP(A3, Portal!A:A, Portal!A:A, "não encontrado no PORTAL") | G3: =_xlfn.XLOOKUP(D3, Portal!D:D, Portal!D:D, "não encontrado no PORTAL")
A4: 123460 | B4: 2025-03-27 | C4: 75 | D4: JKL012 | E4: VISA | F4: =_xlfn.XLOOKUP(A4, Portal!A:A, Portal!A:A, "não encontrado no PORTAL") | G4: =_xlfn.XLOOKUP(D4, Portal!D:D, Portal!D:D, "não encontrado no PORTAL")
A5: 123461 | B5: 2025-03-28 | C5: 60 | D5: PQR678 | E5: VISA | F5: =_xlfn.XLOOKUP(A5, Portal!A:A, Portal!A:A, "não encontrado no PORTAL") | G5: =_xlfn.XLOOKUP(D5, Portal!D:D, Portal!D:D, "não encontrado no PORTAL")
A6: 123462 | B6: 2025-03-28 | C6: 300 | D6: STU901 | E6: VISA | F6: =_xlfn.XLOOKUP(A6, Portal!A:A, Portal!A:A, "não encontrado no PORTAL") | G6: =_xlfn.XLOOKUP(D6, Portal!D:D, Portal!D:D, "não encontrado no PORTAL")
A7: 123463 | B7: 2025-03-28 | C7: 180 | D7: MNO345 | E7: MASTERCARD | F7: =_xlfn.XLOOKUP(A7, Portal!A:A, Portal!A:A, "não encontrado no PORTAL") | G7: =_xlfn.XLOOKUP(D7, Portal!D:D, Portal!D:D, "não encontrado no PORTAL")
A8: 123466 | B8: 2025-03-28 | C8: 250 | D8: ASD890 | E8: VISA | F8: =_xlfn.XLOOKUP(A8, Portal!A:A, Portal!A:A, "não encontrado no PORTAL") | G8: =_xlfn.XLOOKUP(D8, Portal!D:D, Portal!D:D, "não encontrado no PORTAL")
A9: 123467 | B9: 2025-03-28 | C9: 90 | D9: FGH123 | E9: ELO | F9: =_xlfn.XLOOKUP(A9, Portal!A:A, Portal!A:A, "não encontrado no PORTAL") | G9: =_xlfn.XLOOKUP(D9, Portal!D:D, Portal!D:D, "não encontrado no PORTAL")
A10: 123468 | B10: 2025-03-28 | C10: 500 | D10: ZXC456 | E10: VISA | F10: =_xlfn.XLOOKUP(A10, Portal!A:A, Portal!A:A, "não encontrado no PORTAL") | G10: =_xlfn.XLOOKUP(D10, Portal!D:D, Portal!D:D, "não encontrado no PORTAL")
A11: 123469 | B11: 2025-03-28 | C11: 130 | D11: VBN789 | E11: MASTERCARD | F11: =_xlfn.XLOOKUP(A11, Portal!A:A, Portal!A:A, "não encontrado no PORTAL") | G11: =_xlfn.XLOOKUP(D11, Portal!D:D, Portal!D:D, "não encontrado no PORTAL")

Sheet compras por bandeira
C2: Comparação compras por bandeira
A5: PORTAL | F5: ERP
A6: bandeira | B6: Contagem de nsu | F6: bandeira | G6: Contagem de nsu
A7: ELO | B7: 2 | F7: ELO | G7: 1
A8: MASTERCARD | B8: 2 | F8: MASTERCARD | G8: 3
A9: VISA | B9: 6 | F9: VISA | G9: 6
A10: Total Geral | B10: 10 | F10: Total Geral | G10: 10
A14: aqui podemos ver que temos um problema nas compras registradas no ERP, precisamos informar o cliente que nao existe problema no portal e para que ele possa confirmar a veracidade do dado ele precisa verificar o comprovante de venda para avaliar, se realmente estiver correto do lado dele o mesmo precisa nos encaminhar o comprovante

Sheet compras por data
C1: Comparação compras por data
A4: PORTAL | F4: ERP
A5: data_venda | B5: Contagem de nsu | F5: data_venda | G5: Contagem de nsu
A6: 2025-03-26 | B6: 1 | F6: 2025-03-27 | G6: 1
A7: 2025-03-27 | B7: 9 | F7: 2025-03-28 | G7: 9
A8: Total Geral | B8: 10 | F8: Total Geral | G8: 10
A13: aqui vemos que o cliente registrou a quantidade correta, porem podemos obervar que o cliente registrou a venda com D+1, e nao na data exata da venda, caso o cliente queira um segunda validação ele pode observar o comprovante de venda

Sheet comparação entre valores + nsu
C2: Conciliação de Valores e NSU entre Relatórios
A4: PORTAL | F4: ERP
A5: PROCX por NSU | B5: Soma de valor | D5: Diff | F5: PROCX por NSU | G5: Soma de valor
A6: 123456 | B6: 150.75 | D6: =G6-B6 | F6: 123456 | G6: 150.75
A7: 123457 | B7: 189.5 | D7: =G7-B7 | F7: 123457 | G7: 182
A8: 123460 | B8: 75 | D8: =G8-B8 | F8: 123460 | G8: 75
A9: 123461 | B9: 60 | D9: =G9-B9 | F9: 123461 | G9: 60
A10: 123462 | B10: 310 | D10: =G10-B10 | F10: 123462 | G10: 300
A11: 123463 | B11: 180 | D11: =G11-B11 | F11: 123463 | G11: 180
A12: Total Geral | B12: 965.25 | D12: =G12-B12 | F12: Total Geral | G12: 947.75
A17: Aparentemente para duas vendas o cliente mandou o valor liquido ou o mesmo esta errado mesmo, recomendo passar a taxa ao cliente na resposta para que ele consiga realizar a checagem do valor do lado deles, alem disso basta o mesmo avaliar o contrato
